t(h),V(L),rALA(mmol),rARG(mmol),rASN(mmol),rASP(mmol),rCYS(mmol),rEGLC(mmol),rEGLN(mmol),rEGLU(mmol),rEPYR(mmol),rGLY(mmol),rHIS(mmol),rILE(mmol),rLAC(mmol),rLEU(mmol),rLYS(mmol),rMET(mmol),rNH4(mmol),rPHE(mmol),rPRO(mmol),rSER(mmol),rTHR(mmol),rTYR(mmol),rVAL(mmol),rmAB(mg),rX(Mcells)
0.0,270.0,0.0,0.0,0.0,0.0,0.0,0.0,0.0,0.0,0.0,0.0,0.0,0.0,0.0,0.0,0.0,0.0,0.0,0.0,0.0,0.0,0.0,0.0,0.0,0.0,0.0
12.0,273.82799999999986,152.98283667242194,-65.62559266655738,-120.38706946465763,-127.08038044561815,-11.241322939020392,-1710.325574812338,-18.426332633992672,-25.558979998963462,-4.7158175012345085,-26.42695834220208,-45.270234100616946,-33.16644346858179,1800.212382431856,-61.08199204554391,-55.58569631321661,-14.23481381807042,237.54842471393755,-25.226437150873743,-29.97266593269883,-180.97826254238046,-72.3549490085456,-21.17892610646369,-46.97396429428479,142.60061887005025,196.62966283872478
24.0,277.6559999999997,364.5214482713091,-157.07840888791185,-297.56746877717023,-307.741203996701,-26.02224483578546,-3949.0348778191,-30.17855867723446,-59.40126011785661,-13.573355116948855,-46.25056266755582,-109.9591851791284,-77.14911094578983,3740.209167775678,-141.76999638109237,-129.04664658551113,-32.95087536025693,593.7768463712678,-58.39512077486416,-69.38201813035646,-447.75799083533656,-182.4133023952658,-49.40023037613464,-109.11302908453462,361.48701760079643,455.12458681883766
36.0,281.48399999999975,643.7495413873922,-274.3523454025516,-540.8315992612257,-548.7862338059716,-43.66369553504146,-6675.7785518309765,-24.515519873277,-97.86418142923125,-28.00183337859535,-49.04148183419844,-195.29109549441398,-130.40305472136927,5558.950981041169,-238.83265904379985,-217.48342177388392,-55.28752261266725,1093.5046703823216,-97.98142213748683,-116.4166963617253,-815.1557042458581,-334.6337647541521,-83.84369620069756,-184.0391844662677,673.8751247717723,763.5600866886739
48.0,285.31199999999995,1002.3937065422089,-414.0611930772675,-854.4180991442609,-855.675492683593,-63.172181192426976,-9803.750980567846,8.919083767990715,-135.84580443296065,-49.05733845318788,-27.09792258454221,-299.6794867112769,-190.3907930704319,6978.126413668227,-347.26528051858105,-316.37697525155806,-79.98589937475013,1751.1008819817541,-141.75507987749026,-168.42695304414798,-1291.2284217929587,-527.9839608056998,-123.03189990286135,-267.99574155128624,1094.4036817331444,1104.503567388607
60.0,289.14000000000016,1446.583288832274,-569.0469034925173,-1237.405321253948,-1231.739839619969,-83.61222076801376,-13251.57606682155,76.45746838189578,-169.1855210745301,-77.19046682718795,23.2469468669614,-417.6607460103093,-254.5881722338271,7791.396684143518,-462.22057776687427,-421.3373462258186,-105.86087548127524,2567.8526102527126,-187.61627606533833,-222.9179845564945,-1877.2051359551601,-757.906799262944,-165.43867840810628,-357.31023737367167,1629.44651176019,1461.5429721954706
72.0,292.9680000000001,1972.2320681674282,-727.2378012237426,-1683.0684202885927,-1668.7832449199793,-104.16262448092304,-16950.86447335407,177.52353628198819,-195.46391368921454,-112.23127651962358,100.73436704972832,-538.649719396766,-320.697259750734,7881.45796916148,-579.3614068624205,-528.4289633171613,-131.8730727100692,3529.163264127193,-233.72267096233242,-277.7007469833603,-2564.896043153071,-1015.927626185784,-209.6414230985945,-448.67542494318866,2251.9637113737735,1820.2927254549193
84.0,296.7960000000005,2497.5322171820294,-866.6841911734209,-2166.087890470646,-1866.5741999735817,-121.2500981017989,-20523.236471755547,276.4709746139714,-205.71223901659155,-153.62878821709512,180.52489258858265,-647.1592487663889,-379.8065785229823,6964.564406392865,-680.903544546606,-621.6157931245996,-153.50603726548894,4608.3378216229175,-272.06367387947296,-323.25617460800663,-3294.9087973432956,-1245.843408463035,-250.53269464782463,-528.7794704850793,2631.599668657443,2118.4010869488716
96.0,300.6240000000006,2964.8857579321534,-973.2149801310007,-2655.5681199786254,-1963.777366508734,-136.04175671095757,-24104.55013083286,362.9080351497077,-211.46687770706805,-199.31122190866407,263.1244811828168,-726.9078871315703,-433.8916686092454,5134.684541955939,-771.7205151561416,-705.2003017170288,-172.23445926658596,5314.31755608109,-305.25524786005076,-362.69291866192555,-3630.884601569224,-1458.403151437382,-288.8459224000908,-601.0358165178199,2892.613807474458,2376.231686232158
108.0,304.4520009089791,3368.945690700509,-1056.6196757347607,-3107.841001569323,-2062.051856766968,-149.8491040252598,-27963.362090743904,445.33730656260497,-220.1276855915567,-247.7664488154788,358.7289102549532,-785.3114796542155,-485.9454650812236,3034.5240885756352,-858.0619885831447,-784.7907579563841,-189.71784955958594,5736.366906131098,-336.2393072271664,-399.5065951949486,-3723.8967005176605,-1675.3223602964779,-326.176432740749,-670.0499693742778,3093.7153341513804,2616.718586985795
120.0,311.7480009089784,3779.863667465171,-1125.306163317387,-3431.803212087217,-2244.4584243221843,-155.11857244659592,-31864.876664974745,547.2256837615219,-201.54892400884788,-299.2670831467211,503.6197291249806,-845.0665657147049,-513.9562406712643,1179.1544396235854,-899.0957143878991,-823.1644373796804,-195.73838736459604,6187.67065736435,-347.42898651924406,-412.9043887898294,-3890.831043299612,-1864.401791910207,-349.06961293419704,-705.4152233928563,25328.027042592716,2572.748243916745
132.0,319.04400090897815,4167.755681049009,-1207.281209202515,-3637.53762108712,-2428.500163587229,-159.24259806173916,-35897.26751640411,670.9769526204375,-181.0746507377693,-353.81471673402467,680.2993561360506,-920.07330618967,-538.739155714689,88.39295327625665,-934.0685114345536,-856.0524464264299,-200.42709109026438,6538.70996300095,-356.16379038621955,-423.366728376698,-4067.0855843216714,-2075.5898460902536,-369.86515351647955,-735.9852311677662,43515.35743094377,2507.7515485555227
144.0,326.3400009089782,4528.820112857234,-1291.9031604258548,-3776.8203738497305,-2611.3614526277643,-162.51637631417634,-40056.222661272564,823.3419501199606,-161.08083827625103,-410.34172890040026,895.7144669428749,-999.1838961730098,-560.8320178666545,-236.73353679958976,-964.2483300554736,-884.5745163133626,-204.1274444875388,6809.038061325628,-363.0766183924364,-431.65037132738473,-4243.368273767881,-2318.3279306489753,-388.8093950626245,-762.7013939312262,58690.070913517215,2428.224210104779
156.0,333.6360009089781,4883.070696942214,-1376.829506027269,-3891.9549541202914,-2793.7216742483806,-165.3216787532715,-44170.3339449479,988.2774819883016,-143.33663536640515,-467.45304529671716,1127.7106548231982,-1079.419736706941,-581.0918506093454,-298.51171645124657,-991.4345738535401,-910.3358255833673,-207.26389155926304,7047.739149610416,-368.9667185161766,-438.7142418138422,-4419.643489263897,-2573.6250672340298,-406.3976252173037,-786.9694473593214,72862.1712459511,2341.01951748753
168.0,340.932000908978,5237.551298777832,-1461.3590376457284,-3999.5752082647073,-2975.9016790731075,-167.8395201100568,-48162.33648100579,1156.8139376182166,-128.1621172146626,-524.420897650263,1363.769077028349,-1159.7741784423483,-599.9551446908787,-314.8939487701405,-1016.510952450906,-934.1285197127255,-210.04178680127632,7276.598201537781,-374.2170510457623,-445.01711495535477,-4595.844169105858,-2830.4757056654635,-422.891660679739,-809.4804960461641,86845.09289116223,2249.748017527001
180.0,348.22800090897795,5592.294472519838,-1545.2331264221762,-4104.676979904195,-3158.004887750557,-170.14698093376649,-52018.89751338083,1327.0510851940862,-115.28942291673891,-580.9224172656033,1600.4993835008945,-1239.8558025889754,-617.6188047044136,-321.16109819506363,-1039.8650873255338,-956.3016032720468,-212.55148752633042,7501.096246974247,-378.99352755874224,-450.7572608336026,-4771.935413004147,-3086.143380175971,-438.41178529027474,-830.5359263990046,100886.22452491512,2156.302194512498
192.0,355.5240009089779,5946.578072522629,-1628.3595969286414,-4208.685393275141,-3340.0603247792,-172.28450714226892,-55737.5479582439,1498.2969815134045,-104.3217723420808,-636.7591481078038,1836.1258304159285,-1319.5011264794568,-634.1979809492663,-322.3973588819115,-1061.7123696633412,-977.050427474819,-214.84214721224689,7722.729596479181,-383.38490193514775,-456.0404572114223,-4947.8974102247075,-3339.2011297341714,-453.0316055113296,-850.3033579690652,115056.20020228918,2061.892032046419
204.0,362.82000090897793,6299.850871001194,-1710.7015346338883,-4312.005455907842,-3522.074378585888,-174.2787203444342,-59317.90947191538,1669.9895347892327,-94.86902785625826,-691.7861186945435,2069.2444711006033,-1398.6255896893754,-649.7770083460362,-319.8052425571413,-1082.2031862754272,-996.5122862057659,-216.94687880635698,7942.124558578336,-387.4503327233911,-460.93708728856365,-5123.713936279938,-3588.477057274909,-466.8075273862769,-868.9006331273492,129375.67824057619,1967.4046806156139
216.0,370.116000908978,6651.7424794429535,-1792.2356982175752,-4414.741280111811,-3704.046166177763,-176.14954146882943,-62760.58778682659,1841.6057067761217,-86.58219726702421,-745.890674750471,2298.752410816554,-1477.1700630643136,-664.4261116730929,-314.04988426536147,-1101.4572126042196,-1014.7970895975043,-218.89071120926192,8159.685628389615,-391.2343323031746,-465.50006926562185,-5299.368445431014,-3833.042730403601,-479.78868383807827,-886.4227114214551,143851.6021849449,1873.527658616988
228.0,377.41200090897803,7001.985978331015,-1872.9380117437436,-4516.902020521322,-3885.9719568816217,-177.91281522768068,-66066.90160696018,2012.6916784950688,-79.16081098717426,-798.9829001413511,2523.870108064016,-1555.0818728529375,-678.2085080353509,-305.71867021345315,-1119.5770033142983,-1031.9996324877106,-220.69360890921567,8375.711495586887,-394.772360474892,-469.77155022796734,-5474.842728212107,-4072.257560517378,-492.02147208417017,-902.9524064110891,158487.55743241392,1780.8032358678493
240.0,384.7080009089781,7350.353588665398,-1952.7787913589868,-4618.463830914799,-4067.8464240442863,-179.58154849250866,-69238.74117883513,2182.8907373637708,-72.35270170555033,-850.9900163380015,2744.1296874908962,-1632.3078663752874,-691.1836753105249,-295.3587666366665,-1136.6543276334219,-1048.2053131257553,-222.37195318212153,8590.40157411238,-398.0935187570625,-473.7861210716323,-5650.116251525408,-4305.767716687692,-503.5515683865089,-918.5652927908778,173286.74236194234,1689.6602129624928
